{"products":[{"id":"0.16645117506287654","qty":1}],"totalPrice":30.00000000000003}